av_index,x,y,z
0,124.984939,431.023212,302.212281
1,232.783016,273.043565,562.302819
2,394.035690,355.301219,831.576625
3,523.779270,629.542550,950.820125
4,541.339829,939.173557,845.165409
5,431.018574,1101.711391,581.640554
6,264.836774,1018.890984,315.599519
7,136.120531,742.012254,197.372180
