av_index,x,y,z
0,870.541464,433.146938,604.161904
1,851.697345,755.347073,611.715355
2,611.501995,971.615991,640.194784
3,286.740484,957.256005,664.370551
4,68.441647,713.073059,672.305258
5,86.074352,384.917475,666.167129
6,327.888536,169.849099,643.255631
7,653.908568,186.762566,618.110463
