av_index,x,y,z
0,577.316883,1154.979143,601.424490
1,356.339319,921.444950,572.170787
2,363.200849,597.124974,565.344214
3,595.555944,368.745810,576.057916
4,922.155651,375.586815,601.127504
5,1148.212257,612.135944,632.394048
6,1139.091983,936.202465,644.688494
7,904.069318,1163.864665,632.785713
