Metric,Distance,Tree_Opt,GMM
Eval_Latency_N1k_ms,141.5626593200068,42.653828709990194,0.2844316700065974
Eval_Latency_N10k_ms,1533.3503327699873,458.93290306998097,0.28489574000559514
Init_Cost_N1k_ms,0.0,0.9446144104003906,56.63490295410156
Total_MCMC_10k_Steps_1k_sec,1415.626593200068,426.53923171431234,2.9009516030200757
Speedup_vs_Distance_10k,1.0,3.3411209405837097,5382.145527131692
