Metric,Distance,Tree_Opt,GMM
Eval_Latency_N1k_ms,139.8787027101207,41.46237045992166,0.009217749902745709
Eval_Latency_N10k_ms,1528.0246170199825,480.5062810999516,0.019493519939715043
Init_Cost_N1k_ms,0.0,0.4246234893798828,54.26788330078125
Total_MCMC_10k_Steps_1k_sec,1398.787027101207,414.62412922270596,0.14644538232823834
Speedup_vs_Distance_10k,1.0,3.180030474361548,78386.28537819216
