av_index,x,y,z
0,550.979122,691.765324,109.304926
1,275.192650,529.906994,153.675924
2,86.310122,461.805242,408.553681
3,97.992647,519.442245,729.181519
4,308.614998,674.874044,926.214090
5,588.730940,841.179841,882.486329
6,773.572602,913.203467,625.777155
7,760.198507,853.285854,304.158717
