av_index,x,y,z
0,455.284154,1187.006207,676.259120
1,249.158197,944.190668,728.963833
2,268.825535,620.337045,725.937907
3,501.444747,401.673879,660.093865
4,816.107613,422.073853,571.134468
5,1027.543896,668.165151,518.518429
6,1007.644810,991.858730,527.459121
7,772.149715,1209.662439,593.117410
