av_index,x,y,z
0,1382.800263,-51.811739,614.474182
1,1421.525690,268.680431,617.666865
2,1222.544571,524.867290,624.873557
3,899.593327,569.136710,623.021808
4,641.088726,367.984783,615.543427
5,599.997454,41.882275,613.716362
6,800.350469,-213.283844,612.178867
7,1125.069040,-255.287726,613.143051
