av_index,x,y,z
0,596.713702,233.149678,760.598340
1,888.429543,366.683080,724.601376
2,999.098082,657.288471,631.983288
3,864.699833,935.259417,527.436745
4,557.088936,1035.301174,475.380664
5,259.330841,901.244629,512.845798
6,150.108011,611.970044,611.049821
7,287.387206,333.454006,714.927854
