av_index,x,y,z
0,868.613922,107.214587,535.615805
1,937.132388,419.835615,578.023294
2,764.370341,694.257207,589.122573
3,450.125253,773.309612,553.605559
4,176.694108,603.052285,493.684746
5,105.126074,285.006592,451.736799
6,278.605035,10.905994,446.506660
7,594.926496,-66.012009,481.603107
