av_index,x,y,z
0,1266.453408,898.636120,737.946811
1,1025.609091,993.399978,544.972957
2,751.691872,858.661694,435.008958
3,606.773545,568.166722,464.539722
4,680.249270,290.810982,622.709769
5,924.003244,193.316809,820.481259
6,1194.690886,331.440898,934.074301
7,1338.885026,623.672539,902.197603
