av_index,x,y,z
0,1396.493583,260.271567,526.516289
1,1378.320747,573.072166,448.730585
2,1139.601166,791.758519,427.134994
3,815.943402,787.916040,465.756279
4,597.802783,557.046547,546.109251
5,614.810554,238.894777,626.885880
6,855.355814,22.828124,653.468240
7,1180.238266,28.860473,613.189099
