,setup_time_sec,avg_eval_time_sec,std_eval_time_sec,evals_per_second
Distance,0.19255139993038028,41.84679864799837,21.288267528222676,0.023896690602587645
Tree,0.12339059996884316,0.0015296379942446947,0.000405556331620054,653.7494516758394
GMM,511.4356542000314,0.04394005599431693,0.006473490877575313,22.758277780286324
