fraction,n_points,duration_sec
0.1,3078,23.66870470001595
0.2,6104,51.79941089998465
0.4,11948,82.42704770001001
0.6,17844,132.31218209999497
0.8,23611,144.88331669999752
1.0,29472,161.82834740000544
