av_index,x,y,z
0,965.905919,593.740931,258.288512
1,1031.852862,355.818896,466.300984
2,874.472468,214.508634,712.349659
3,587.298104,257.402592,860.510751
4,336.132025,463.340917,817.526337
5,266.915965,704.859022,605.599892
6,423.301938,841.345407,356.264101
7,712.670213,797.040460,209.599587
