av_index,x,y,z
0,322.775876,832.224152,512.853316
1,95.362142,614.553611,441.245972
2,85.038521,291.090240,417.965083
3,300.562589,48.369545,447.910982
4,620.365796,33.610120,517.558099
5,852.688983,253.876853,592.010630
6,860.004409,576.979240,620.379175
7,641.968442,819.206318,588.855119
