av_index,x,y,z
0,336.885662,571.244634,476.281384
1,440.519401,292.776229,602.536991
2,730.320320,166.597586,675.827551
3,1040.463460,262.294982,645.595812
4,1186.596648,531.275215,528.816627
5,1082.616477,815.869317,401.423545
6,791.810550,942.863230,333.911313
7,481.088355,844.226549,364.406052
